Balance Sheet,Practice Demo Client,As of September 30 2026
Account,Amount (USD)
Cash and cash equivalents,"46,300"
Accounts receivable,"38,900"
Inventory,"29,400"
Prepaid expenses,"3,100"
Total current assets,"117,700"
Property and equipment net,"61,500"
Total assets,"179,200"
Accounts payable,"24,700"
Accrued liabilities,"9,800"
Current portion of long-term debt,"8,000"
Total current liabilities,"42,500"
Long-term debt,"36,000"
Total liabilities,"78,500"
Owner's equity,"62,500"
Retained earnings (current year),"38,200"
Total equity,"100,700"
Total liabilities and equity,"179,200"
